﻿Sample ID,Depth,Date,User,Mass (mg),Acid temperature (C),Reaction time (minutes),Pre reaction Gauge 1 (mTorr),Post reaction Gauge 1 (mTorr),Mean GC transfer temperature (C),Transfer time (minutes),CO2 Pressure Gauge 2 (mbar),CO2 yield (mbar/mg),prep notes,labviewscript,Analysis Date,Starting analysis number,Polly Method,Multiport Pressure (mbar),Bellows Pressure (mbar),Pressure Adjust difference (mV),d13C vs VPDB (via WG) (permil),d13C vs VPDB (formal) (permil),d13C stdev,d18O vs (via WG) (permil),d18O vs VPDB (formal) (permil),d18O stdev,d47 vs VPDB (via WG) (permil),d47 stdev,D47 CDES acid (permil),D47 CDES acid RF2 (permil),D47 stderr,d48 vs VPDB (via WG) (permil),d48 stdev,D48 (permil),D48 stderr,d49 vs VPDB (via WG) (permil),d49 stdev,D49 (permil),D49 stderr,n
190819_1_190515_0.5,0.5,190515,andy,205.474,89.9951,1800,1.5528,158.9057,-18.9156,1200,66.3,0.32267,checked acid vessel after reaction and verified no more material was reacting and capsules were empty and open on top also saved a screen shot of g1 showing first half of reaction,PollyPrepLine_2019b.vi - 190816," ""8/20/2019,0:25:36""",129248,Cracker_PBL_Cycles_190404,131.87,32.65,3.2,-8.2206,-8.3096,0.0046497,-8.1325,-7.5455,0.0067001,-0.079295,0.061349,0.56753,0.57489,0.0065939,-2.7638,0.23637,0.63142,0.025056,50.5473,16.9245,51.9152,1.7864,90
190917_4_190515_0.5,0.5,190515,andy,207.241,91.2171,1800,1.9193,286.48,-18.1902,1200,67.5,0.32571,"V3 stem tip and gasket changed during between-sample bake, transfer time was set to 0 after software crash, no way of knowing the actual transfer time, it would have been based on how long it took to pump out T1",PollyPrepLine_2019b_GFF_30minReaction.vi - 190909," ""09/19/19,21:12:38""",130831,Cracker_PBL_Cycles_190404,134.25,31.97,9.6,-8.2648,-8.3541,0.0046477,-8.6317,-7.936,0.0070119,-0.66435,0.053339,0.53465,0.53796,0.0054582,39.3044,9.4689,43.8912,1.0085,46.8709,16.7066,49.3371,1.7752,89
190801_3_190515_0.5,0.5,190515,Wiesner,215.5,89.9285,1200,5.2811,202.259,-19.5473,0,68.5,0.31787,", transfer time was set to 0 after software crash, no way of knowing the actual transfer time, it would have been based on how long it took to pump out T1",PollyPrepLine_2019.vi - 190403," ""8/2/2019,1:12:24""",128438,Cracker_PBL_Cycles_190404,139.45,33.42,4.1,-8.3869,-8.4768,0.0039069,-8.3273,-7.768,0.0070711,-0.39532,0.060541,0.62006,0.63387,0.0065472,-3.3831,0.24175,0.40239,0.025492,19.4941,15.25,21.3935,1.6196,89
190801_7_190515_0.5,0.5,190515,Wiesner,197.9,89.9352,1200,6.5717,261.7681,-19.3316,0,63.6,0.32137,unknown,PollyPrepLine_2019.vi - 190403," ""8/2/2019,11:45:29""",128462,Cracker_PBL_Cycles_190404,127.72,30.94,-1.2,-8.3427,-8.4324,0.0049154,-8.3512,-7.7909,0.0080612,-0.40896,0.059312,0.58333,0.59262,0.0077236,-3.2519,0.26707,0.58209,0.034256,21.434,10.4237,23.3407,1.3474,60
200128_4_190515_0.5,0.5,190515,Micah ,232.9,90.4318,1800,1.4413,280.0591,-17.5773,1200,61.8,0.26535,G1 read ~500 torr during reaction. Yes that is not mtorr but torr!!,PollyPrepLine_2020a_GFF_30minReaction.vi - 200126," ""01/30/20,06:29:07""",137279,Cracker_PBL_Cycles_190404,126.49,30.09,-67.4,-8.2715,-8.3586,0.0047133,-6.5218,-6.0314,0.007002,1.6111,0.064863,0.66689,0.68646,0.0068073,0.14004,0.24994,0.29477,0.026373,16.1519,15.2861,14.2287,1.6086,90
200203_6_190515_0.5,0.5,190515,Micah ,206.135,90.3751,1800,1.8556,271.0092,-21.42,1200,64.244,0.31166,", transfer time was set to 0 after software crash, no way of knowing the actual transfer time, it would have been based on how long it took to pump out T1",PollyPrepLine_2020a_GFF_30minReaction.vi - 200126," 02/04/20,20:33:03",137551,Cracker_PBL_Cycles_190404,132.66,31.79,-13.6,-8.3159,-8.4032,0.0043831,-8.0127,-7.5896,0.027722,-0.024998,0.061771,0.59486,0.59956,0.0068138,-1.5131,0.33177,1.6449,0.03559,24.745,15.8781,25.9292,1.673,90
200204_4_190515_0.5,0.5,190515,Micah ,209.537,89.2396,1800,1.4094,574.9124,-18.6774,1200,61.5,0.2935,G1 read ~500 torr during reaction. Yes that is not mtorr but torr!!,PollyPrepLine_2020a_GFF_30minReaction.vi - 200126," ""02/05/20,17:11:43""",137598,Cracker_PBL_Cycles_190404,125.07,30.17,-49.4,-8.3005,-8.3877,0.003678,-6.8453,-6.4154,0.008639,1.2714,0.056684,0.6902,0.70344,0.0059073,12.5051,12.0824,13.3215,1.2738,20.4679,16.6171,19.2304,1.7498,90
200206_1_190515_0.5,0.5,190515,Micah ,168.65,91.4219,1800,1.4254,291.0846,-18.969,1200,54.1,0.32078,", transfer time was set to 0 after software crash, no way of knowing the actual transfer time, it would have been based on how long it took to pump out T1",PollyPrepLine_2020a_GFF_30minReaction.vi - 200126," 02/07/20,01:28:40",137670,Cracker_PBL_Cycles_190404,110.08,27.01,-18.6,-8.2884,-8.3751,0.0041361,-7.6028,-7.1982,0.034178,0.49039,0.054223,0.67274,0.68442,0.0058292,-1.886,0.27834,0.44334,0.02776,58.1336,12.5008,58.4524,1.3167,90
190819_3_190515_7.5,7.5,190515,unknown,NaN,NaN,NaN,NaN, NaN,NaN,NaN,NaN,NaN,High values in G1 during reaction (1.23 Torr) ,unknown," ""8/20/2019,5:49:09""",129260,Cracker_PBL_Cycles_190404,149.95,36.24,11.1,-8.2087,-8.2977,0.0045112,-7.309,-6.7173,0.0063449,0.7456,0.054263,0.53131,0.53421,0.0056918,29.2427,5.1002,31.0347,0.53861,27.593,17.4662,27.2114,1.8407,90
190729_3_190515_7.5,7.5,190515,Wiesner,133,89.8643,900,1.9034,260.382,-17.0792,1200,46.5,0.34962,Background de-gassing seemed to be occurring even before samples dropped into acid!,PollyPrepLine_2019.vi - 190403," ""7/30/2019,17:27:05""",128330,Cracker_PBL_Cycles_190404,93.32,26.07,-12,-8.3541,-8.4438,0.0045862,-8.0672,-7.5093,0.0059759,-0.077952,0.068865,0.63787,0.65387,0.007175,4.0762,1.2457,7.3671,0.13168,58.5866,22.9202,59.9678,2.4192,90
190801_2_190515_7.5,7.5,190515,Wiesner,154.72,89.8088,1200,6.4124,367.5623,-19.8524,0,57.5,0.37164,"V3 stem tip and gasket changed before sample run , transfer time was set to 0 after software crash, no way of knowing the actual transfer time, it would have been based on how long it took to pump out T1",PollyPrepLine_2019.vi - 190403," ""8/1/2019,22:32:11""",128432,Cracker_PBL_Cycles_190404,115.46,28.12,-2.2,-8.3826,-8.4725,0.0040263,-7.6573,-7.0955,0.0076434,0.27755,0.06046,0.59822,0.60935,0.0065912,-1.9407,0.20243,0.49912,0.021627,22.8035,14.1132,23.321,1.4969,89
200204_8_190515_7.5,7.5,190515,Micah ,155.923,89.3432,1800,1.4413,368.343,-18.1473,1200,49.2,0.31554,"acid temp rose slightly above 91.5 (91.65) during carbonate reaction, Wiesner_190724",PollyPrepLine_2020a_GFF_30minReaction.vi - 200126," ""02/06/20,03:23:54""",137622,Cracker_PBL_Cycles_190404,103.55,24.79,-4.6,-8.4224,-8.5103,0.0045003,-7.8963,-7.4725,0.034922,-0.014991,0.060821,0.58809,0.59217,0.0063209,-2.1075,0.26097,0.81454,0.024347,24.0559,15.0233,25.1091,1.5857,90
190819_4_190529_5,5,190529,andy,202.794,89.3951,1800,1.4254,497.0167,-17.7822,1200,83.5,0.41175,"Very low CaCO3 %, transfer time was set to 0 after software crash, no way of knowing the actual transfer time, it would have been based on how long it took to pump out T1",PollyPrepLine_2019b.vi - 190816," ""8/20/2019,8:24:59""",129266,Cracker_PBL_Cycles_190404,166.79,40.94,-25.3,-8.7694,-8.8613,0.0038637,-9.7046,-9.1257,0.006058,-2.2219,0.058702,0.57278,0.58078,0.0061801,101.1708,19.5875,108.4291,2.0779,65.6716,16.601,71.0431,1.7586,90
190725_3_190529_5,5,190529,Wiesner,249,88.882,600,1.8556,1450.1198,-18.4991,1200,74,0.29719,"After 2 minutes of rxn G1 > 5 mTorr (Al foil on filter??), transfer time was set to 0 after software crash, no way of knowing the actual transfer time, it would have been based on how long it took to pump out T1",PollyPrepLine_2019.vi - 190403," ""7/25/2019,20:59:45""",128082,Cracker_PBL_Cycles_190404,148.1,39.23,-9.2,-8.8086,-8.9007,0.0036243,-9.0062,-8.4681,0.0059579,-1.4831,0.058881,0.63991,0.65616,0.0062077,-4.8161,0.26229,0.33662,0.027884,64.5937,16.0519,68.4937,1.7077,89
190729_4_190529_5,5,190529,Wiesner,169,90.9698,900,6.3805,1564.6132,-18.7934,1200,58.2,0.34438,Wiesner_190724,PollyPrepLine_2019.vi - 190403," ""7/30/2019,20:16:36""",128336,Cracker_PBL_Cycles_190404,117.84,32.31,45.3,-8.6921,-8.7836,0.0048725,-9.1024,-8.5482,0.007379,-1.4994,0.066802,0.60394,0.61578,0.0071625,-0.89894,1.1078,4.4706,0.11716,45.555,19.2697,49.4658,2.0388,90
190801_5_190529_5,5,190529,Wiesner,150.2,89.978,1200,6.6832,480.9882,-18.7024,0,63,0.41944,G1 read ~500 torr during reaction. Yes that is not mtorr but torr!!,PollyPrepLine_2019.vi - 190403," ""8/2/2019,6:29:49""",128450,Cracker_PBL_Cycles_190404,127.81,30.85,-41.6,-8.7973,-8.8894,0.0046094,-9.53,-8.975,0.00678,-2.0436,0.069978,0.60233,0.61396,0.0074449,-5.7672,0.25901,0.43483,0.027513,18.7569,18.7204,23.5591,1.9827,90
200131_4_190529_5,5,190529,Micah ,189.62,88.7109,1800,6.2052,685.2792,-20.4301,1200,57,0.3006,Second run after incorrect H3PO4 occurred yesterday,PollyPrepLine_2020a_GFF_30minReaction.vi - 200126," ""2/1/2020,9:48:18""",137391,Cracker_PBL_Cycles_190404,115.55,27.95,-48.4,-8.6065,-8.6953,0.0042273,-7.5789,-7.1006,0.0075757,0.20494,0.060072,0.67173,0.69189,0.0063076,-2.0792,0.23636,0.20318,0.024968,31.8552,17.7622,32.4468,1.8735,90
200203_5_190529_5,5,190529,Micah ,202.4,90.7206,1800,1.9671,443.2592,-18.9606,1200,83.4,0.41206,unknown,PollyPrepLine_2020a_GFF_30minReaction.vi - 200126," ""02/04/20,18:00:01""",137545,Cracker_PBL_Cycles_190404,171.12,40.34,59.2,-8.9178,-9.0083,0.0040814,-9.3217,-8.9062,0.0081218,-1.9024,0.060338,0.65341,0.66336,0.0063555,5.5143,9.9526,11.3614,1.0551,17.4488,14.9086,21.939,1.5788,90
200205_3_190529_5,5,190529,Micah ,156.3,90.563,1800,1.9671,356.0747,-19.1705,1200,64,0.40947,7.978 mg of C64 in 163.69 mg of powdered GFF,PollyPrepLine_2020a_GFF_30minReaction.vi - 200126," 02/07/20,04:06:24",137676,Cracker_PBL_Cycles_190404,130.72,31.62,21.4,-8.9337,-9.0238,0.0042367,-8.9537,-8.5676,0.007792,-1.5745,0.073961,0.61416,0.62058,0.007781,-4.7651,0.28374,0.27993,0.029727,15.2781,12.83,19.0174,1.3574,90
190820_1_190612_0.5,0.5,190612,andy,210.981,88.6771,1800,1.9034,192.2691,-19.3771,1200,69.7,0.33036,7.1 mg of 20C_9 standard-,PollyPrepLine_2019b.vi - 190816," ""8/20/2019,20:55:09""",129279,Cracker_PBL_Cycles_190404,138.3,33.16,-2.5,-6.8064,-6.888,0.0039612,-10.174,-9.5974,0.021452,-0.82026,0.058034,0.54864,0.55367,0.0062951,-6.4554,0.33478,1.0344,0.033214,39.961,18.3608,44.1298,1.9425,90
190726_2_190612_0.5,0.5,190612,Wiesner,241,90.5075,1500,6.5558,495.4871,-18.1508,1200,85.5,0.35477,8.585 mg of C64,PollyPrepLine_2019.vi - 190403," ""7/26/2019,20:24:31""",128134,Cracker_PBL_Cycles_190404,172.18,45.13,-37.7,-6.9897,-7.0723,0.0040166,-10.1993,-9.6621,0.0056181,-0.98696,0.058159,0.59037,0.60053,0.0062378,-7.2297,0.23239,0.30733,0.024634,26.4431,18.9499,30.8002,2.0058,90
190729_5_190612_0.5,0.5,190612,Wiesner,155.5,90.6306,900,6.4761,498.3391,-19.1238,1200,44.1,0.2836,First Core Run,PollyPrepLine_2019.vi - 190403," ""7/30/2019,23:04:16""",128342,Cracker_PBL_Cycles_190404,89.26,24.96,29.8,-6.8723,-6.9543,0.0043177,-10.167,-9.6168,0.0077464,-0.85954,0.060454,0.5646,0.5716,0.0064041,-0.46818,2.1349,7.0624,0.22644,84.3362,22.6489,88.74,2.3972,90
190801_4_190612_0.5,0.5,190612,Wiesner,176.09,89.6878,1200,6.5717,349.2395,-18.0482,0,57.3,0.3254,,PollyPrepLine_2019.vi - 190403," ""8/2/2019,3:50:37""",128444,Cracker_PBL_Cycles_190404,115.72,28.29,40.6,-6.9346,-7.0169,0.0039855,-10.3206,-9.7691,0.0063832,-1.0764,0.067434,0.57026,0.57795,0.0071886,-7.0583,0.23899,0.72357,0.025456,43.6259,14.2103,48.2552,1.5045,90
190802_2_190612_5,5,190612,Wiesner,333,90.6981,1200,6.5876,629.9285,-17.5771,1200,34.5,0.1036,,PollyPrepLine_2019.vi - 190403," ""8/19/2019,16:13:07""",129230,Cracker_PBL_Cycles_190404,68.89,18.12,11.9,-6.8311,-6.9128,0.0062945,-9.7972,-9.2198,0.0227,-0.65767,0.071509,0.32122,0.29829,0.0073293,-5.3865,0.39329,1.3461,0.040593,17.0237,74.5276,20.347,7.8797,90
190916_1_190612_5,5,190612,emma,283.34,91.5354,1800,1.8874,310.5386,-18.8773,1200,29.9,0.10553,,PollyPrepLine_2019b_GFF_30minReaction.vi - 190909," ""9/16/2019,18:51:06""",130673,Cracker_PBL_Cycles_190404,59.63,18.63,82.5,-6.8049,-6.8865,0.0053799,-9.9247,-9.2366,0.011783,-0.33604,0.10364,0.8,0.83593,0.011677,-5.3287,0.65812,1.6812,0.071553,209.2454,59.1599,213.4802,6.257,90
190801_6_190612_5,5,190612,Wiesner,368.6,90.0609,1200,6.731,365.6822,-18.5337,0,38.9,0.10553,,PollyPrepLine_2019.vi - 190403," ""8/2/2019,9:07:06""",128456,Cracker_PBL_Cycles_190404,77.44,19.66,18.5,-6.855,-6.9369,0.006079,-9.9044,-9.3507,0.0067066,-0.57906,0.06316,0.56005,0.56649,0.0068341,-5.9875,0.28833,0.96397,0.030696,52.2359,11.2087,55.9301,1.186,90
190917_1_190612_7.5,7.5,190612,andy,393.406,92.5953,1800,2.2061,783.5531,-18.4194,1200,46.1,0.11718,,PollyPrepLine_2019b_GFF_30minReaction.vi - 190909," ""09/19/19,12:47:23""",130813,Cracker_PBL_Cycles_190404,93.41,22.56,-70.7,-7.7817,-7.8684,0.0051347,-9.91,-9.2198,0.019519,-1.5935,0.056653,0.43757,0.42895,0.0057955,-5.958,0.28442,1.0033,0.029497,1.9286,13.5795,6.3947,1.4359,90
190920_1_190612_7.5,7.5,190612,andy,393.677,89.5685,1800,1.8715,517.2673,-18.6976,1200,46.8,0.11888,,PollyPrepLine_2019b_GFF_30minReaction.vi - 190909," ""09/24/19,06:29:15""",130929,Cracker_PBL_Cycles_190404,91.56,22.74,-8.6,-7.7748,-7.8615,0.0043385,-10.2477,-9.5574,0.0085774,-1.6795,0.068226,0.72765,0.75469,0.0069769,-7.3013,0.27697,0.33198,0.029621,57.045,12.1858,62.4752,1.2915,90
200205_4_190626_0.5,0.5,190626,Micah ,290.4,90.5771,1800,1.3935,338.0546,-17.6681,1200,107,0.36846,,PollyPrepLine_2020a_GFF_30minReaction.vi - 200126," 02/06/20,20:24:31",137658,Cracker_PBL_Cycles_190404,218.39,51.2,-40.8,-7.5079,-7.5905,0.0039754,-9.4719,-9.0929,0.01133,-0.73107,0.060454,0.60459,0.61016,0.0064702,-5.8748,0.27499,0.20208,0.028408,1.5211,14.6391,4.8189,1.5491,90
190802_1_190626_5,5,190626,Wiesner,155,90.4326,1200,6.731,2373.9542,-18.8482,0,36.5,0.23548,,PollyPrepLine_2019.vi - 190403," ""8/19/2019,13:27:37""",129224,Cracker_PBL_Cycles_190404,71.97,18.89,-3.2,-9.6318,-9.7283,0.0050227,-6.7856,-6.1922,0.0070759,-0.0080935,0.063215,0.63678,0.65265,0.0067175,-0.19975,0.23407,0.49469,0.024905,92.4126,19.1179,92.4219,2.0153,90
190820_4_190626_5,5,190626,andy,189.634,89.6662,1800,2.1583,1870.7311,-19.6697,1200,42.5,0.22412,,PollyPrepLine_2019b.vi - 190816," ""8/21/2019,4:52:52""",129297,Cracker_PBL_Cycles_190404,84.68,21.2,-2.4,-9.4052,-9.5005,0.0038727,-6.805,-6.2094,0.0065038,0.1533,0.059851,0.59302,0.60351,0.0065035,4.1474,1.6451,4.8819,0.17359,46.1991,18.4785,46.0093,1.9476,90
190916_2_190626_5,5,190626,emma,203.251,90.1534,1800,1.7122,1143.3327,-18.2015,1200,45.7,0.22485,,PollyPrepLine_2019b_GFF_30minReaction.vi - 190909," ""9/16/2019,22:04:21""",130679,Cracker_PBL_Cycles_190404,91.29,27.61,-834.4,-9.422,-9.5174,0.0057928,-8.1331,-7.4383,0.008273,-0.95528,0.12644,0.89538,0.94304,0.014987,20.1805,2.0624,23.6699,0.2388,41.2552,15.4204,43.8749,1.786,75
190729_2_190626_5,5,190626,Wiesner,183,90.991,900,1.6962,4923.2899,-18.45,1200,35.4,0.19344,,PollyPrepLine_2019.vi - 190403," ""7/30/2019,14:31:20""",128324,Cracker_PBL_Cycles_190404,70.3,20.34,18.1,-9.4375,-9.5329,0.0039509,-9.1822,-8.6289,0.0095618,-2.3218,0.06018,0.58234,0.59151,0.0064989,-0.37799,8.2789,5.1651,0.87866,100.0741,34.8186,105.1976,3.6885,90
200128_3_190626_5,5,190626,Micah ,8.822,90.0602,1800,1.8874,1731.0796,-20.4412,1200,40.4,4.5795,,PollyPrepLine_2020a_GFF_30minReaction.vi - 200126," ""01/30/20,03:38:00""",137273,Cracker_PBL_Cycles_190404,81.68,20.26,47,-9.2259,-9.318,0.0044074,-3.6948,-3.1719,0.0064261,3.6777,0.062528,0.7744,0.80719,0.0065068,5.757,0.25076,0.2222,0.026037,34.6754,19.2431,27.8505,2.0153,90
190802_3_190612_15,15,190612,unknown,NaN,NaN,NaN,NaN, NaN,NaN,NaN,NaN,NaN,,unknown," ""8/19/2019,19:02:04""",129236,Cracker_PBL_Cycles_190404,79.12,20.51,-61.2,-7.5333,-7.6187,0.0044309,-10.2715,-9.6964,0.0076748,-1.6602,0.060766,0.50832,0.5084,0.006549,-6.955,0.25124,0.73306,0.026631,39.9192,15.2083,45.0575,1.6112,90
190917_2_190626_15,15,190626,andy,217.84,89.9394,1800,1.76,2106.1071,-18.1154,1200,46.7,0.21438,,PollyPrepLine_2019b_GFF_30minReaction.vi - 190909," ""09/19/19,15:29:04""",130819,Cracker_PBL_Cycles_190404,92.97,22.99,-17.3,-8.0128,-8.1007,0.0049338,-8.4627,-7.7665,0.0072311,-0.17709,0.056415,0.61301,0.62595,0.0062637,290.0393,63.0045,295.2902,6.7436,174.2714,34.1565,176.3389,3.6473,88
200128_5_190711_0.5,0.5,190711,Micah ,232.9,88.8778,1800,1.7918,97.9784,-22.6375,1200,89,0.38214,,PollyPrepLine_2020a_GFF_30minReaction.vi - 200126," ""01/30/20,09:03:22""",137285,Cracker_PBL_Cycles_190404,182.23,42.56,-4.4,-6.323,-6.3997,0.0048155,-10.0635,-9.6137,0.0065287,-0.19825,0.061016,0.59447,0.60514,0.0065641,-7.0497,0.27203,0.20801,0.028976,10.6484,14.3014,13.9801,1.5126,90
200204_7_190711_0.5,0.5,190711,Micah ,258.249,89.3604,1800,1.744,264.3652,-22.1798,1200,100,0.38722,,PollyPrepLine_2020a_GFF_30minReaction.vi - 200126," ""02/06/20,00:50:30""",137616,Cracker_PBL_Cycles_190404,207.1,48.29,7.3,-6.5136,-6.5913,0.0037846,-10.7885,-10.3815,0.0089635,-1.0959,0.060392,0.63189,0.6399,0.0063719,-7.9489,0.24987,0.76738,0.02644,7.0087,15.3453,12.0044,1.6343,89
200129_2_190711_7.5,7.5,190711,Micah ,203.238,88.8656,1800,1.5369,72.1832,-18.8776,1200,67.3,0.33114,,PollyPrepLine_2020a_GFF_30minReaction.vi - 200126," ""01/30/20,14:13:38""",137297,Cracker_PBL_Cycles_190404,133.54,32.05,-40.5,-8.5723,-8.661,0.003692,-10.1865,-9.7382,0.006306,-2.487,0.054952,0.61682,0.63023,0.0058975,-7.3577,0.24182,0.15577,0.02551,7.3118,13.4666,13.1738,1.4278,90
200129_3_190814_0.5,0.5,190814,Micah ,214.8,89.101,1800,1.3457,93.7562,-19.3042,1200,96.3,0.44832,,PollyPrepLine_2020a_GFF_30minReaction.vi - 200126," ""01/30/20,16:47:34""",137303,Cracker_PBL_Cycles_190404,194.76,45.56,48.9,-6.8147,-6.894,0.004018,-10.3204,-9.8736,0.0073772,-0.8967,0.069322,0.64329,0.65996,0.0074517,-7.6512,0.24356,0.12233,0.025685,7.8221,9.9564,12.1698,1.0542,90
200130_1_190814_0.5,0.5,190814,Micah ,146.26,89.1378,1800,1.2501,67.5467,-17.6046,1200,40.3,0.27554,,PollyPrepLine_2020a_GFF_30minReaction.vi - 200126," ""2/1/2020,1:45:12""",137373,Cracker_PBL_Cycles_190404,81.06,20.26,13.4,-6.6915,-6.7702,0.003861,-9.5831,-9.1278,0.0074874,-0.0017138,0.079858,0.66204,0.68102,0.0083081,-5.8703,0.24071,0.42954,0.02545,100.6269,15.6457,103.5933,1.6539,90
200204_6_190814_0.5,0.5,190814,Micah ,185.3,89.4136,1800,1.8396,295.9122,-17.4411,1200,96.6,0.52132,,PollyPrepLine_2020a_GFF_30minReaction.vi - 200126," ""02/05/20,22:18:30""",137610,Cracker_PBL_Cycles_190404,198.81,46.5,-51.8,-6.7456,-6.8246,0.0042521,-10.5171,-10.1085,0.022215,-1.0578,0.063124,0.61367,0.62005,0.0065364,-6.7689,0.29722,1.409,0.033474,5.454,19.9926,10.1227,2.116,90
200129_4_190814_7.5,7.5,190814,Micah ,233.36,89.5188,1800,1.8874,200.2514,-20.155,1200,47.4,0.20312,,PollyPrepLine_2020a_GFF_30minReaction.vi - 200126," ""01/30/20,19:21:08""",137309,Cracker_PBL_Cycles_190404,95.08,23.59,17.5,-7.0744,-7.1551,0.0046101,-9.3664,-8.9086,0.0064119,-0.13547,0.076525,0.67862,0.69964,0.0079788,-5.345,0.27103,0.5235,0.028704,52.3033,14.6021,55.0834,1.5435,90
200203_7_190814_7.5,7.5,190814,Micah ,265.9,90.6599,1800,1.7918,150.9392,-17.5502,1200,104.95,0.3947,,PollyPrepLine_2020a_GFF_30minReaction.vi - 200126," 02/04/20,23:07:15",137557,Cracker_PBL_Cycles_190404,216.01,50.26,74.5,-7.0821,-7.1628,0.0047935,-10.9456,-10.5395,0.0096111,-1.8066,0.059233,0.63352,0.64168,0.0061396,-8.1786,0.26168,0.857,0.027638,21.6,12.2741,27.5816,1.3016,90
200204_5_190814_7.5,7.5,190814,Micah ,252.23,89.5312,1800,1.3616,300.5646,-20.8403,1200,88.7,0.35166,,PollyPrepLine_2020a_GFF_30minReaction.vi - 200126," ""02/05/20,19:46:50""",137604,Cracker_PBL_Cycles_190404,184.44,42.99,-35.1,-7.1357,-7.2167,0.00387,-10.8429,-10.4362,0.0069754,-1.7429,0.073133,0.64516,0.65436,0.0078762,-5.4556,0.61502,3.3964,0.065594,14.5058,17.3286,20.2889,1.8371,90
200205_3_190529_5,5,190529,Micah ,156.3,90.563,1800,1.9671,356.0747,-19.1705,1200,64,0.40947,,PollyPrepLine_2020a_GFF_30minReaction.vi - 200126," 02/07/20,04:06:24",137676,Cracker_PBL_Cycles_190404,130.72,31.62,21.4,-8.9337,-9.0238,0.0042367,-8.9537,-8.5676,0.007792,-1.5745,0.073961,0.61416,0.62058,0.007781,-4.7651,0.28374,0.27993,0.029727,15.2781,12.83,19.0174,1.3574,90
